{
  "info": {
    "name": "BWS Backend API",
    "_postman_id": "bws-backend-api-collection",
    "schema": "https://schema.getpostman.com/json/collection/v2.1.0/collection.json"
  },
  "item": [
    {
      "name": "Auth - Register",
      "request": {
        "method": "POST",
        "header": [
          {
            "key": "Content-Type",
            "value": "application/json"
          }
        ],
        "url": {
          "raw": "{{baseUrl}}/api/auth/register",
          "host": [
            "{{baseUrl}}"
          ],
          "path": [
            "api",
            "auth",
            "register"
          ]
        },
        "body": {
          "mode": "raw",
          "raw": "{\"name\":\"Admin\",\"email\":\"admin@bws.com\",\"password\":\"Passw0rd!\"}"
        }
      }
    },
    {
      "name": "Auth - Login",
      "request": {
        "method": "POST",
        "header": [
          {
            "key": "Content-Type",
            "value": "application/json"
          }
        ],
        "url": {
          "raw": "{{baseUrl}}/api/auth/login",
          "host": [
            "{{baseUrl}}"
          ],
          "path": [
            "api",
            "auth",
            "login"
          ]
        },
        "body": {
          "mode": "raw",
          "raw": "{\"email\":\"admin@bws.com\",\"password\":\"Passw0rd!\"}"
        }
      }
    },
    {
      "name": "Products - List",
      "request": {
        "method": "GET",
        "header": [
          {
            "key": "Authorization",
            "value": "Bearer {{token}}"
          }
        ],
        "url": {
          "raw": "{{baseUrl}}/api/products",
          "host": [
            "{{baseUrl}}"
          ],
          "path": [
            "api",
            "products"
          ]
        }
      }
    },
    {
      "name": "Products - Create",
      "request": {
        "method": "POST",
        "header": [
          {
            "key": "Authorization",
            "value": "Bearer {{token}}"
          },
          {
            "key": "Content-Type",
            "value": "application/json"
          }
        ],
        "url": {
          "raw": "{{baseUrl}}/api/products",
          "host": [
            "{{baseUrl}}"
          ],
          "path": [
            "api",
            "products"
          ]
        },
        "body": {
          "mode": "raw",
          "raw": "{\"sku\":\"SKU-1001\",\"name\":\"Sample\",\"price\":99.99,\"quantity\":10}"
        }
      }
    }
  ],
  "variable": [
    {
      "key": "baseUrl",
      "value": "http://localhost:4000"
    },
    {
      "key": "token",
      "value": ""
    }
  ]
}